id,cod_serial,tipo_sensor_id,plantio_id,nome,descricao,data_instalacao,unidade_id,latitude,longitude
1,0000100100C40A24,1,,Sensor P - 0000100100C40A24,Sensor cadastrado via API,,,,
2,0000100100C40A24,2,,Sensor K - 0000100100C40A24,Sensor cadastrado via API,,,,
3,0000100100C40A24,3,,Sensor pH - 0000100100C40A24,Sensor cadastrado via API,,,,
4,0000100100C40A24,4,,Sensor H - 0000100100C40A24,Sensor cadastrado via API,,,,
5,0000100100C40A24,5,,Sensor Rele - 0000100100C40A24,Sensor cadastrado via API,,,,
